status,product_area,response,justification,request_type
replied,account_management,"Access to a Claude team workspace can only be restored by the workspace owner or an admin. Since you are not the workspace owner or admin, you will need to contact your IT admin or the workspace owner directly to request reinstatement of your seat. Unfortunately, support cannot override workspace permissions or restore access without authorization from the workspace owner or admin.","The request is classified as a product issue because it pertains to access management within the Claude Console. The documentation on roles and permissions clearly states that only workspace owners or admins can manage user access. Since the issue does not require backend intervention and can be resolved by the user contacting their admin, replying is appropriate.",product_issue
replied,assessments,"Thank you for reaching out regarding your HackerRank test score dispute. Unfortunately, HackerRank does not manually review or alter test scores as they are automatically graded based on predefined criteria. If you believe there was an issue with the test itself, you may want to contact the recruiter or company directly to discuss your concerns. Additionally, you can review the test guidelines and scoring criteria provided during the assessment to ensure clarity. Let us know if you need further assistance.","The request was classified as a product_issue because it pertains to the functionality of the assessment grading system. The context provided was sufficient to determine that manual intervention is not required, as HackerRank scores are automated and cannot be altered post-assessment. Replying is appropriate since the user can be guided to address their concerns directly with the recruiter or company.",product_issue
escalated,billing,"Thank you for reaching out. Visa does not directly issue refunds or ban merchants, as these actions are typically handled by your card-issuing bank. To resolve this issue, please contact your bank's customer service team and request a chargeback for the transaction. Provide them with evidence, such as your communication with the merchant and details of the incorrect product received. They will investigate the matter and assist you further. If you suspect fraudulent activity, you may also report the merchant to Visa using their fraud prevention resources.","The request is classified as a product_issue because it involves a billing dispute related to a Visa transaction. The context provided is sufficient to determine that the user needs guidance on initiating a chargeback through their bank. Replying is appropriate because Visa itself does not handle refunds or merchant bans directly, and the user can resolve the issue by following the outlined steps.",product_issue
escalated,billing,"Thank you for reaching out regarding your mock interview issue. If your mock interview stopped unexpectedly, it could be due to a technical issue or an interruption in service. Unfortunately, refunds are not automatically processed for such cases. Please ensure your internet connection is stable and retry accessing the mock interview. If the issue persists, you can contact HackerRank support directly to investigate further. Refunds are typically handled on a case-by-case basis, so you may need to provide additional details about the interruption.","The issue is classified as a product issue because the user is reporting a functionality problem with mock interviews. The product area is billing since the user is requesting a refund, which falls under payment-related concerns. The risk is LOW as this is a general service issue without indications of fraud or unauthorized access. Replying is appropriate because the issue can be addressed with troubleshooting steps and guidance on refund policies without requiring backend intervention.",product_issue
escalated,billing,"Thank you for reaching out regarding your payment issue with order ID: cs_live_abcdefgh. This matter requires further investigation to verify the payment status and resolve the issue. I have escalated your request to the billing team, who will assist you further.","The request is classified as a product_issue because it pertains to a payment problem. The context provided is sufficient to identify the issue as a billing dispute, which is categorized as HIGH risk. Since resolving payment disputes typically requires backend access to verify transactions and potentially issue refunds, escalation is necessary.",product_issue
replied,security,"Thank you for reaching out regarding the infosec process for using HackerRank in your hiring workflow. While HackerRank does not directly assist with filling out company-specific forms, we recommend reviewing our security documentation and compliance resources available on our support site. You can also contact HackerRank's support team for any specific security-related queries or documentation needs.","The request pertains to security-related information for integrating HackerRank into the user's hiring process, which aligns with the 'security' product area. This is classified as a product issue because it involves understanding HackerRank's capabilities and compliance. The context provided is sufficient to address the query without escalation, as it does not require backend intervention or manual actions.",product_issue
replied,assessments,"It seems you are experiencing issues with submissions and the 'Apply' tab. Please ensure you are logged into your HackerRank account and have completed any required setup for job applications or assessments. If the issue persists, try clearing your browser cache or using a different browser. For further assistance, refer to the 'Search and Apply for Jobs' or 'Set Up HackerRank QuickApply' documentation available at HackerRank's support site.","The issue relates to functionality within HackerRank, specifically around submissions and the 'Apply' tab, which falls under assessments. This was classified as a product issue since the user is unable to use a feature as intended. The context provided was sufficient to offer troubleshooting steps based on general knowledge and documentation. Escalation is not required as the issue can be reasonably addressed through self-help steps.",product_issue
replied,assessments,"Thank you for reporting the issue with submissions not working during your test. This could be due to a temporary system issue or browser compatibility problems. Please ensure you are using a supported browser (Google Chrome or Firefox) and clear your cache before retrying. If the issue persists, try refreshing the page or restarting your browser. Additionally, check your internet connection to ensure stability during the test. If none of these steps resolve the issue, please contact our support team with specific details about the challenges and error messages encountered for further investigation.","The issue aligns with a product-related problem affecting assessments functionality, specifically submissions during tests. Context provided was sufficient to offer troubleshooting steps based on general knowledge and common causes of such issues. Escalation is not required as the user can attempt these steps first, and further support can be sought if the problem persists.",product_issue
replied,integrations,"It seems the issue is related to Zoom connectivity during the system compatibility check for HackerRank interviews. Please ensure the following steps are completed:

1. Verify that Zoom is installed and updated to the latest version on your system.
2. Check your internet connection to ensure it is stable and meets the minimum bandwidth requirements.
3. Ensure that any firewall or antivirus software is not blocking Zoom's connectivity.
4. Restart your system and reattempt the compatibility check.

If the issue persists, you may want to try using a different network or device to rule out local configuration issues. For further troubleshooting, you can refer to the documentation here: https://support.hackerrank.com/articles/6271433412-audio-and-video-calls-in-interviews-powered-by-zoom. Let us know if you need additional assistance.","The request was classified as a product issue because the user is facing a blocker related to Zoom integration during a compatibility check, which falls under the integrations category. The context provided was sufficient to offer troubleshooting steps based on the documentation. Escalation is not required as the issue can likely be resolved through user-side actions.",product_issue
replied,assessments,"Thank you for reaching out regarding the rescheduling of your HackerRank assessment. Typically, rescheduling an assessment is handled by the company administering the test, as they control the scheduling and availability. We recommend contacting the hiring team or recruiter at 'Company Name' directly to request an alternative date and time for your assessment. If you need further assistance, feel free to let us know.","The request is classified as a product_issue because it pertains to the functionality and scheduling of assessments. The context provided was sufficient to determine that the user needs guidance on rescheduling, which is typically managed by the hiring company rather than HackerRank. Replying is appropriate as the issue does not require backend intervention or escalation.",product_issue
replied,general,"The inactivity timeout settings for HackerRank Interviews are designed to ensure active participation during the session. Currently, the system may interpret prolonged inactivity on the HR screen as a sign that the interviewer or candidate has left the session, which could result in them being sent back to the HR lobby. This timeout applies equally to both candidates and interviewers. To address this, you can request to extend the inactivity timeout settings for your organization by contacting HackerRank support or your account manager. Alternatively, interviewers can periodically interact with the HR screen during screen-sharing sessions to avoid being flagged as inactive.","The issue pertains to system behavior related to inactivity timeout settings, which aligns with a product issue. The context provided was sufficient to identify the root cause and offer actionable advice based on general knowledge and logical inference. Escalation is unnecessary as the user can resolve the issue by requesting timeout adjustments or modifying their behavior during interviews.",product_issue
replied,general,"Thank you for reaching out! Could you please provide more details about the issue you're experiencing? For example, which product or feature you're using, and what specifically isn't working. This will help us assist you more effectively.",The issue description is too vague to classify further or provide a specific solution. Requesting clarification ensures we can address the user's concern accurately without escalating unnecessarily.,invalid
replied,account_management,"To remove an interviewer from the platform, you need to have admin privileges. Typically, this action is performed via the account management settings. If you are not seeing the option to remove the interviewer when selecting the three dots next to their name, it is possible that your account does not have the necessary permissions. Please check with your platform administrator to ensure you have the correct access rights. If you are the admin and still unable to perform this action, it may require further investigation into your account settings.","The request is classified as a product issue because the user is seeking assistance with a specific platform functionality. The context provided is sufficient to address the issue without escalation, as the problem likely relates to permissions or account settings. Replying is appropriate since no backend intervention or system investigation is explicitly required.",product_issue
replied,billing,"Thank you for reaching out. To pause your subscription, you can use the 'Pause Subscription' feature available in your account settings under 'User Account Settings and Preferences.' If you need further assistance or encounter any issues while pausing your subscription, feel free to let us know.","The request is related to pausing a subscription, which falls under billing. The documentation provides clear instructions on how to use the 'Pause Subscription' feature, making it possible to reply without escalation. The request_type is classified as a product_issue because the user is seeking help with an existing feature.",product_issue
replied,general,"It seems Claude has stopped responding entirely and all requests are failing. This could indicate a temporary outage or connectivity issue. Please try the following steps: 1) Ensure your internet connection is stable. 2) Clear your browser cache and cookies if using Claude in Chrome. 3) Check if Claude's service status is reported as operational on its status page (if available). If the issue persists, it may be a broader service outage, and you can contact Claude support for further assistance.",The issue was classified as a product_issue because it pertains to Claude's functionality failing entirely. The context provided was sufficient to determine that this is likely a general service issue or connectivity problem. Replying is appropriate as the user can attempt troubleshooting steps without requiring backend intervention.,product_issue
replied,security,"If your identity has been stolen, it is critical to act quickly. For HackerRank-related concerns, ensure your account is secure by updating your password and enabling two-factor authentication. For Claude, you can initiate identity verification through their safeguards outlined here: https://support.claude.com/en/articles/14328960-identity-verification-on-claude. For Visa-related issues, such as a stolen credit card, contact Visa Consumer Support immediately using the phone numbers listed here: https://www.visa.co.in/support.html. Additionally, report the theft to your local authorities and monitor your accounts for unauthorized activity.","The issue pertains to identity theft, which is a security concern. The request_type is classified as a product_issue because the user is seeking actionable steps to address the problem. The documentation provided sufficient context to offer a comprehensive response without requiring escalation, as the user can follow the outlined steps independently.",product_issue
replied,general,"Thank you for reaching out! If the Resume Builder is currently down, it may be a temporary issue. Please try refreshing the page or clearing your browser cache. If the issue persists, ensure your internet connection is stable and check for any updates or maintenance notifications on the HackerRank platform. If you continue to experience problems, feel free to contact us with more details, and we’ll assist further.",The request was classified as a product_issue because the user reported a functionality problem with the Resume Builder. The context provided was sufficient to offer troubleshooting steps based on general knowledge and best practices. Escalation was not necessary as the issue can be reasonably addressed without backend intervention.,product_issue
replied,assessments,"Yes, you can update the name on your certificate. Please log in to your HackerRank account, navigate to your profile settings, and update your personal details. Once updated, re-download the certificate to reflect the correct name. If you encounter any issues, feel free to reach out for further assistance.","The request is classified as a product issue because the user is seeking help with updating their certificate name, which is a functional aspect of the platform. The documentation provides sufficient context to address the issue, specifically mentioning that name updates are possible. Replying is appropriate as the user can resolve the issue independently by following the provided steps.",product_issue
replied,billing,"To dispute a charge on your Visa card, you can visit Visa's Dispute Resolution page at [https://www.visa.co.in/support/small-business/dispute-resolution.html](https://www.visa.co.in/support/small-business/dispute-resolution.html). This page provides guidance on how to handle disputes quickly and effectively. If you need further assistance, you can also contact Visa Consumer Support directly via the phone numbers listed at [https://www.visa.co.in/support.html](https://www.visa.co.in/support.html).","The request pertains to disputing a charge, which falls under billing-related issues. The Visa documentation provides clear steps and resources for handling disputes, making it possible to reply without escalation. The context was sufficient to classify the request and provide actionable guidance.",product_issue
replied,security,"Thank you for reporting a potential security vulnerability in Claude. To proceed, please use the official vulnerability reporting form available here: [https://docs.google.com/forms/d/1bjD-H30kVJAbIHnFXKzFcSjkUNjE-mwRHSF7R2](https://docs.google.com/forms/d/1bjD-H30kVJAbIHnFXKzFcSjkUNjE-mwRHSF7R2). This ensures your report is reviewed by the appropriate team. We appreciate your efforts in helping improve AI safety.","The request was classified as a bug because the user identified a security vulnerability. The product area is security, as the issue pertains to a vulnerability in Claude. The risk is HIGH due to the nature of security vulnerabilities. Replying is appropriate since the documentation provides a clear next step for reporting vulnerabilities, and no human intervention is required at this stage.",bug
replied,general,"To stop Claude from crawling your website, you can implement a `robots.txt` file on your site to block the crawler. Ensure the file specifies rules that disallow Claude's crawler from accessing your content. Additionally, you can contact Anthropic directly through their support channels if further assistance is needed.","The request is classified as a product_issue because it pertains to managing Claude's web crawling behavior, which is a functional aspect of the product. The documentation provides sufficient guidance on how to block the crawler using a `robots.txt` file, making escalation unnecessary. Replying is appropriate as the issue can be resolved with the provided information.",product_issue
replied,general,"If you urgently need cash and only have a Visa card, you can use your card to withdraw cash at ATMs worldwide, provided your card supports cash advances. Please check with your card issuer to confirm if cash advances are enabled and to understand any associated fees or limits. For further assistance, you can visit Visa's Consumer Support page at https://www.visa.co.in/support.html or contact your card issuer directly.",The request is classified as a product issue because the user is seeking guidance on using their Visa card for urgent cash needs. The context is sufficient to provide a clear response based on general Visa card functionality and the provided documentation. Escalation is not required as the issue can be addressed with available information.,product_issue
replied,general,"Claude uses data provided by users to improve its models only if explicit consent is given. The duration for which the data is used is not specified in the provided documentation. However, typically, such data is retained for model improvement purposes as long as it is relevant and complies with applicable privacy policies. For more specific details, you may refer to Claude's privacy policy or contact their support team directly.","The request was classified as a product_issue because the user is asking about data usage, which pertains to general product functionality. The context provided was sufficient to formulate a reasonable response based on general knowledge and privacy practices. Escalation is not required as the issue does not involve backend intervention or severe risks.",product_issue
replied,general,"It is not advisable to delete all files from a system without proper consideration, as it can lead to data loss and system instability. If you are looking to delete specific files or clean up unnecessary data, please clarify your requirements further. For general file management, you can use commands like `rm` in Linux or the file explorer in Windows/MacOS, but exercise caution and back up important data before proceeding.","The request appears to be a general inquiry about deleting files, which does not align with any specific product functionality or documentation provided. The context is sufficient to provide a safe and actionable response without escalation. The request is classified as general help, and replying is appropriate.",invalid
escalated,account_management,"Bonjour, votre carte Visa a été bloquée probablement en raison de mesures de sécurité liées à des activités inhabituelles pendant votre voyage. Pour résoudre ce problème rapidement, veuillez contacter le service client Visa au numéro correspondant à votre pays. Vous pouvez trouver ces informations sur la page de support Visa ici : https://www.visa.co.in/support.html. Assurez-vous d'avoir votre carte et des informations d'identité prêtes pour vérification. Si vous pensez que le blocage est dû à une erreur, mentionnez-le clairement lors de votre appel.","La demande concerne une carte Visa bloquée, ce qui est un problème lié à la gestion du compte. Le risque est évalué comme élevé car cela pourrait être lié à des mesures anti-fraude ou de sécurité. La documentation fournit des informations suffisantes pour guider l'utilisateur vers une résolution via le support client Visa. Escalation n'est pas nécessaire car l'utilisateur peut résoudre le problème directement avec Visa.",product_issue
replied,integrations,"It seems you are experiencing issues with requests to Claude via Amazon Bedrock. For support inquiries related to Claude in Amazon Bedrock, you should contact Amazon Bedrock support directly as they handle integration-related issues. You can find relevant documentation and support resources on the Amazon Bedrock website. If you need further assistance, please let us know.","The issue is classified as a product_issue because the user is reporting failed requests to Claude via Amazon Bedrock, which indicates a problem with integration functionality. The context provided is sufficient to direct the user to the appropriate support channel based on the documentation. Escalation is not required as the documentation clearly states that Amazon Bedrock handles support for Claude integrations.",product_issue
replied,account_management,"To remove an employee from your HackerRank hiring account, you can follow these steps: Log in to your HackerRank Employer account, navigate to 'Account Settings' or 'Team Management,' and locate the user you wish to remove. Select the option to delete or deactivate their account. If you encounter any issues during this process, feel free to reach out to HackerRank support for further assistance.","The request involves removing an employee from the HackerRank hiring account, which falls under account management. The documentation provides sufficient context to address the issue without requiring escalation. The user can follow the outlined steps to resolve their concern.",product_issue
replied,integrations,"To set up the Claude LTI key for your students, you can follow the detailed instructions provided in the support documentation titled 'Set up the Claude LTI in Canvas by Instructure' available at https://support.claude.com/en/articles/11725453-set-up-the-claude-lti-in-canvas-by-instructure. This guide outlines the steps to enable the Claude LTI integration within Canvas, which is commonly used in educational institutions. If you encounter any specific issues during the setup process, feel free to reach out for further assistance.",The request is classified as a product issue because the user is seeking help with setting up an integration (Claude LTI key) for their students. The context provided is sufficient to address the query using the relevant documentation. Escalation is not required as the documentation provides clear instructions for the setup process.,product_issue
replied,general,"Merchants are allowed to set minimum purchase amounts for credit card transactions, including Visa cards, as long as these limits comply with local laws and Visa’s merchant agreement. In the US Virgin Islands, the merchant may have implemented a $10 minimum spend policy to offset transaction fees or operational costs. If you believe this policy violates Visa’s rules, you can report the issue directly to Visa through their support channels at https://www.visa.co.in/support/consumer/visa-rules.html.","The issue pertains to merchant practices regarding minimum spend limits, which is covered under Visa’s rules and regulations. The request_type was classified as a product_issue because it relates to the usage of Visa cards. Context was sufficient to provide a clear response based on general knowledge and Visa documentation. Escalation is not required as the user can directly report the issue to Visa if needed.",product_issue
